mjd,ra_deg,dec_deg,EL,elong,r,delta,utc
60980.33333333302,111.98915,9.90758,23.444765,106.286,17.04042321697,16.7353030742405,2025-Nov-01 08:00
60980.35416666698,111.98875,9.90743,29.69329,106.307,17.04054394025,16.7350831627747,2025-Nov-01 08:30
60980.375,111.98835,9.90729,35.869824,106.3279,17.04066466307,16.7348635835502,2025-Nov-01 09:00
60980.39583333302,111.98795,9.90714,41.918456,106.3489,17.04078538545,16.7346444031475,2025-Nov-01 09:30
60980.41666666698,111.98754,9.907,47.758997,106.3698,17.04090610738,16.7344256819319,2025-Nov-01 10:00
60981.33333333302,111.96987,9.90059,24.278421,107.28,17.04621743602,16.7249896179146,2025-Nov-02 08:00
60981.35416666698,111.96945,9.90045,30.519927,107.301,17.04633813839,16.7247715931126,2025-Nov-02 08:30
60981.375,111.96903,9.90031,36.682883,107.322,17.0464588403,16.7245539118955,2025-Nov-02 09:00
60981.39583333302,111.96861,9.90017,42.708842,107.3429,17.04657954177,16.7243366400786,2025-Nov-02 09:30
60981.41666666698,111.96818,9.90003,48.513225,107.3639,17.0467002428,16.7241198371163,2025-Nov-02 10:00
60982.33333333302,111.9496,9.89381,25.112381,108.2751,17.05201065174,16.7147674161968,2025-Nov-03 08:00
60982.35416666698,111.94916,9.89368,31.34608,108.2961,17.0521313332,16.7145513804086,2025-Nov-03 08:30
60982.375,111.94872,9.89354,37.4944,108.3171,17.05225201422,16.7143356994234,2025-Nov-03 09:00
60982.39583333302,111.94828,9.8934,43.49616,108.3381,17.05237269479,16.71412043827,2025-Nov-03 09:30
60982.41666666698,111.94783,9.89326,49.26206,108.3591,17.05249337491,16.7139056554727,2025-Nov-03 10:00
60983.33333333302,111.92835,9.88724,25.946545,109.2712,17.05780286463,16.7046412753293,2025-Nov-04 08:00
60983.35416666698,111.92789,9.8871,32.171617,109.2923,17.05792352521,16.7044273291123,2025-Nov-04 08:30
60983.375,111.92742,9.88697,38.304193,109.3133,17.05804418534,16.7042137487974,2025-Nov-04 09:00
60983.39583333302,111.92696,9.88684,44.280145,109.3343,17.05816484502,16.7040005986067,2025-Nov-04 09:30
60983.41666666698,111.92649,9.88671,50.005087,109.3553,17.05828550426,16.7037879361156,2025-Nov-04 10:00
60984.3125,111.90659,9.881,20.513816,110.2474,17.06347343508,16.6948279951869,2025-Nov-05 07:30
60984.33333333302,111.90611,9.88087,26.780809,110.2685,17.06359407522,16.6946159301729,2025-Nov-05 08:00
60984.35416666698,111.90563,9.88074,32.996407,110.2895,17.06371471492,16.6944041729655,2025-Nov-05 08:30
60984.375,111.90515,9.88061,39.112077,110.3106,17.06383535418,16.6941927926555,2025-Nov-05 09:00
60984.39583333302,111.90466,9.88048,45.060515,110.3316,17.06395599299,16.6939818526378,2025-Nov-05 09:30
60985.3125,111.8834,9.87483,21.352622,111.2457,17.06926366476,16.6849058730437,2025-Nov-06 07:30
60985.33333333302,111.8829,9.87471,27.615069,111.2668,17.06938428404,16.6846960847486,2025-Nov-06 08:00
60985.35416666698,111.88239,9.87459,33.82031,111.2879,17.06950490287,16.6844866158658,2025-Nov-06 08:30
60985.375,111.88189,9.87446,39.917853,111.3089,17.06962552126,16.6842775347914,2025-Nov-06 09:00
60985.39583333302,111.88138,9.87434,45.836973,111.33,17.0697461392,16.6840689040729,2025-Nov-06 09:30
60986.3125,111.85923,9.86888,22.19203,112.2451,17.07505289316,16.6750938745659,2025-Nov-07 07:30
60986.33333333302,111.85871,9.86877,28.44922,112.2662,17.07517349158,16.6748864633095,2025-Nov-07 08:00
60986.35416666698,111.85818,9.86865,34.643185,112.2873,17.07529408956,16.6746793830266,2025-Nov-07 08:30
60986.375,111.85766,9.86853,40.721318,112.3084,17.07541468709,16.674472701397,2025-Nov-07 09:00
60986.39583333302,111.85713,9.86841,46.609207,112.3294,17.07553528418,16.6742664801008,2025-Nov-07 09:30
60987.3125,111.83409,9.86315,23.031953,113.2455,17.08084112079,16.6653967904836,2025-Nov-08 07:30
60987.33333333302,111.83355,9.86304,29.28315,113.2666,17.08096169837,16.6651918583997,2025-Nov-08 08:00
60987.35416666698,111.83301,9.86292,35.464881,113.2877,17.0810822755,16.6649872688167,2025-Nov-08 08:30
60987.375,111.83246,9.86281,41.522251,113.3088,17.08120285219,16.6647830886763,2025-Nov-08 09:00
60987.39583333302,111.83191,9.86269,47.376881,113.3299,17.08132342842,16.6645793787715,2025-Nov-08 09:30
60988.3125,111.80799,9.85763,23.872296,114.2469,17.08662834815,16.6558195110924,2025-Nov-09 07:30
60988.33333333302,111.80743,9.85752,30.116743,114.268,17.08674890489,16.6556171625637,2025-Nov-09 08:00
60988.35416666698,111.80686,9.85741,36.285239,114.2891,17.08686946119,16.65541516803,2025-Nov-09 08:30
60988.375,111.8063,9.8573,42.320423,114.3103,17.08699001704,16.6552135936734,2025-Nov-09 09:00
60988.39583333302,111.80573,9.85719,48.139641,114.3314,17.08711057245,16.6550124993798,2025-Nov-09 09:30
60989.3125,111.78093,9.85234,24.712965,115.2493,17.09241457574,16.6463670358648,2025-Nov-10 07:30
60989.33333333302,111.78035,9.85223,30.949878,115.2704,17.09253511166,16.6461673774884,2025-Nov-10 08:00
60989.35416666698,111.77976,9.85213,37.104091,115.2916,17.09265564713,16.6459680845596,2025-Nov-10 08:30
60989.375,111.77918,9.85202,43.115585,115.3128,17.09277618216,16.6457692224792,2025-Nov-10 09:00
60989.39583333302,111.77859,9.85192,48.897103,115.3339,17.09289671674,16.6455708502062,2025-Nov-10 09:30
60990.3125,111.75291,9.84727,25.553858,116.2527,17.09819980405,16.6370444631014,2025-Nov-11 07:30
60990.33333333302,111.75231,9.84717,31.782424,116.2738,17.09832031915,16.6368476033134,2025-Nov-11 08:00
60990.35416666698,111.75171,9.84707,37.92126,116.295,17.09844083381,16.6366511203711,2025-Nov-11 08:30
60990.375,111.7511,9.84697,43.907475,116.3162,17.09856134802,16.6364550788722,2025-Nov-11 09:00
60990.39583333302,111.7505,9.84686,49.648861,116.3374,17.09868186178,16.6362595368293,2025-Nov-11 09:30
60991.29166666698,111.72457,9.84252,20.126227,117.2358,17.10386353881,16.6280512378088,2025-Nov-12 07:00
60991.3125,111.72395,9.84242,26.394872,117.257,17.10398403355,16.6278569675844,2025-Nov-12 07:30
60991.33333333302,111.72333,9.84233,32.614247,117.2782,17.10410452784,16.6276630161297,2025-Nov-12 08:00
60991.35416666698,111.72271,9.84223,38.736556,117.2994,17.1042250217,16.627469452849,2025-Nov-12 08:30
60991.375,111.72208,9.84213,44.695813,117.3206,17.10434551511,16.627276341516,2025-Nov-12 09:00
60992.29166666698,111.69469,9.8379,20.971557,118.241,17.10964679077,16.6190010377808,2025-Nov-13 07:00
60992.3125,111.69405,9.83781,27.235897,118.2622,17.10976726472,16.6188097744673,2025-Nov-13 07:30
60992.33333333302,111.69341,9.83772,33.445206,118.2834,17.10988773822,16.6186188418595,2025-Nov-13 08:00
60992.35416666698,111.69276,9.83763,39.549781,118.3046,17.11000821128,16.6184283086708,2025-Nov-13 08:30
60992.375,111.69212,9.83753,45.4803,118.3258,17.11012868389,16.6182382378296,2025-Nov-13 09:00
60993.29166666698,111.66387,9.83351,21.817497,119.247,17.11542904488,16.6100962803586,2025-Nov-14 07:00
60993.3125,111.66321,9.83343,28.076821,119.2682,17.11554949804,16.6099081348406,2025-Nov-14 07:30
60993.33333333302,111.66255,9.83334,34.275151,119.2894,17.11566995075,16.6097203318914,2025-Nov-14 08:00
60993.35416666698,111.66189,9.83325,40.360724,119.3107,17.11579040303,16.6095329395108,2025-Nov-14 08:30
60993.375,111.66122,9.83317,46.260621,119.3319,17.11591085485,16.6093460197614,2025-Nov-14 09:00
60994.29166666698,111.63212,9.82936,22.663951,120.2538,17.12121030158,16.601342222122,2025-Nov-15 07:00
60994.3125,111.63145,9.82928,28.917527,120.275,17.12133073396,16.6011573052087,2025-Nov-15 07:30
60994.33333333302,111.63077,9.8292,35.103929,120.2963,17.1214511659,16.6009727426438,2025-Nov-15 08:00
60994.35416666698,111.63008,9.82911,41.169163,120.3175,17.1215715974,16.6007886016915,2025-Nov-15 08:30
60994.375,111.6294,9.82903,47.036439,120.3388,17.12169202845,16.6006049435278,2025-Nov-15 09:00
60995.29166666698,111.59946,9.82544,23.510822,121.2613,17.12699056134,16.5927441087905,2025-Nov-16 07:00
60995.3125,111.59876,9.82537,29.757895,121.2825,17.12711097296,16.5925625309041,2025-Nov-16 07:30
60995.33333333302,111.59806,9.82529,35.931375,121.3038,17.12723138413,16.5923813190529,2025-Nov-16 08:00
60995.35416666698,111.59736,9.82521,41.974863,121.3251,17.12735179487,16.5922005397436,2025-Nov-16 08:30
60995.375,111.59666,9.82514,47.807396,121.3463,17.12747220515,16.5920202532451,2025-Nov-16 09:00
60996.29166666698,111.56589,9.82177,24.358009,122.2694,17.13276982462,16.5843071615257,2025-Nov-17 07:00
60996.3125,111.56517,9.8217,30.597798,122.2907,17.13289021549,16.5841290324377,2025-Nov-17 07:30
60996.33333333302,111.56445,9.82163,36.757321,122.312,17.13301060591,16.5839512809708,2025-Nov-17 08:00
60996.35416666698,111.56373,9.82155,42.777578,122.3332,17.13313099588,16.583773972852,2025-Nov-17 08:30
60996.375,111.56301,9.82148,48.573113,122.3545,17.13325138541,16.5835971674233,2025-Nov-17 09:00
60997.29166666698,111.53142,9.81834,25.205408,123.2781,17.13854809189,16.576036565008,2025-Nov-18 07:00
60997.3125,111.53068,9.81827,31.437107,123.2994,17.13866846201,16.5758619936023,2025-Nov-18 07:30
60997.33333333302,111.52994,9.8182,37.581585,123.3207,17.13878883168,16.5756878112944,2025-Nov-18 08:00
60997.35416666698,111.5292,9.81814,43.577043,123.342,17.13890920091,16.5755140830098,2025-Nov-18 08:30
60997.375,111.52846,9.81807,49.333183,123.3633,17.13902956969,16.5753408671439,2025-Nov-18 09:00
60998.29166666698,111.49606,9.81515,26.052915,124.2873,17.1443253636,16.5679374563605,2025-Nov-19 07:00
60998.3125,111.4953,9.81509,32.275684,124.3086,17.14444571298,16.5677665504066,2025-Nov-19 07:30
60998.33333333302,111.49455,9.81503,38.403981,124.3299,17.14456606191,16.5675960449099,2025-Nov-19 08:00
60998.35416666698,111.49379,9.81496,44.372982,124.3512,17.1446864104,16.5674260039731,2025-Nov-19 08:30
60998.375,111.49303,9.8149,50.087177,124.3725,17.14480675845,16.5672564850254,2025-Nov-19 09:00
60999.27083333302,111.46059,9.81226,20.634405,125.2757,17.14998131112,16.5601823911828,2025-Nov-20 06:30
60999.29166666698,111.45982,9.81221,26.900419,125.297,17.15010164021,16.5600149144077,2025-Nov-20 07:00
60999.3125,111.45904,9.81215,33.113389,125.3183,17.15022196886,16.5598477803383,2025-Nov-20 07:30
60999.33333333302,111.45827,9.81209,39.22431,125.3396,17.15034229707,16.5596810579603,2025-Nov-20 08:00
60999.35416666698,111.45749,9.81204,45.165097,125.3609,17.15046262483,16.5595148105326,2025-Nov-20 08:30
61000.27083333302,111.4235,9.80956,21.486584,126.2856,17.15575661381,16.5524375609741,2025-Nov-21 06:30
61000.29166666698,111.42271,9.80951,27.747806,126.3069,17.15587692218,16.5522739491503,2025-Nov-21 07:00
61000.3125,111.42192,9.80946,33.950071,126.3282,17.15599723011,16.5521106918445,2025-Nov-21 07:30
61000.33333333302,111.42112,9.80941,40.042362,126.3495,17.1561175376,16.5519478573318,2025-Nov-21 08:00
61000.35416666698,111.42033,9.80936,45.953077,126.3709,17.15623784465,16.5517855080059,2025-Nov-21 08:30
61001.27083333302,111.38555,9.80712,22.339257,127.2958,17.16153092232,16.5448791352346,2025-Nov-22 06:30
61001.29166666698,111.38475,9.80707,28.594957,127.3171,17.16165120999,16.5447194915985,2025-Nov-22 07:00
61001.3125,111.38394,9.80703,34.785576,127.3384,17.16177149721,16.5445602141752,2025-Nov-22 07:30
61001.33333333302,111.38313,9.80698,40.857916,127.3597,17.16189178399,16.5444013705064,2025-Nov-22 08:00
61001.35416666698,111.38231,9.80693,46.736587,127.381,17.16201207033,16.5442430221,2025-Nov-22 08:30
61002.27083333302,111.34676,9.80492,23.192324,128.3061,17.16730423713,16.5375119583323,2025-Nov-23 06:30
61002.29166666698,111.34594,9.80488,29.441751,128.3274,17.1674245041,16.5373563841739,2025-Nov-23 07:00
61002.3125,111.34511,9.80484,35.619739,128.3487,17.16754477063,16.5372011877981,2025-Nov-23 07:30
61002.33333333302,111.34429,9.8048,41.670738,128.3701,17.16766503671,16.5370464359909,2025-Nov-23 08:00
61002.35416666698,111.34346,9.80476,47.515272,128.3914,17.16778530235,16.5368921893537,2025-Nov-23 08:30
61003.27083333302,111.30715,9.80298,24.04568,129.3165,17.17307655873,16.5303407772984,2025-Nov-24 06:30
61003.29166666698,111.3063,9.80294,30.288059,129.3378,17.17319680501,16.530189371781,2025-Nov-24 07:00
61003.3125,111.30546,9.80291,36.452389,129.3591,17.17331705084,16.530038355484,2025-Nov-24 07:30
61003.33333333302,111.30462,9.80287,42.480579,129.3804,17.17343729624,16.5298877944155,2025-Nov-24 08:00
61003.35416666698,111.30377,9.80284,48.288754,129.4017,17.17355754119,16.5297377482505,2025-Nov-24 08:30
61004.27083333302,111.26671,9.80129,24.89922,130.3267,17.17884788759,16.5233702334458,2025-Nov-25 06:30
61004.29166666698,111.26585,9.80126,31.133746,130.348,17.17896811319,16.5232230934347,2025-Nov-25 07:00
61004.3125,111.26499,9.80123,37.283344,130.3694,17.17908833835,16.5230763539429,2025-Nov-25 07:30
61004.33333333302,111.26413,9.8012,43.287176,130.3907,17.17920856307,16.5229300801788,2025-Nov-25 08:00
61004.35416666698,111.26326,9.80117,49.056629,130.412,17.17932878734,16.5227843308707,2025-Nov-25 08:30
61005.27083333302,111.22547,9.79986,25.752833,131.3368,17.18461822423,16.5166048542267,2025-Nov-26 06:30
61005.29166666698,111.2246,9.79983,31.978674,131.3581,17.18473842916,16.5164620741189,2025-Nov-26 07:00
61005.3125,111.22372,9.79981,38.112413,131.3794,17.18485863366,16.5163197056833,2025-Nov-26 07:30
61005.33333333302,111.22284,9.79978,44.09025,131.4008,17.18497883771,16.5161778133071,2025-Nov-26 08:00
61005.35416666698,111.22196,9.79976,49.818467,131.4221,17.18509904131,16.5160364547519,2025-Nov-26 08:30
61006.25,111.18434,9.7987,20.338898,132.3253,17.19026738444,16.5101877268502,2025-Nov-27 06:00
61006.27083333302,111.18345,9.79868,26.606403,132.3466,17.19038756915,16.5100490449447,2025-Nov-27 06:30
61006.29166666698,111.18255,9.79866,32.822697,132.3679,17.19050775343,16.5099107164918,2025-Nov-27 07:00
61006.3125,111.18166,9.79864,38.939394,132.3892,17.19062793727,16.5097728107111,2025-Nov-27 07:30
61006.33333333302,111.18076,9.79862,44.889504,132.4105,17.19074812066,16.5096353911468,2025-Nov-27 08:00
61007.25,111.14155,9.79777,21.196889,133.3347,17.19603575882,16.5038412330292,2025-Nov-28 06:00
61007.27083333302,111.14065,9.79776,27.459813,133.356,17.19615592289,16.5037070801553,2025-Nov-28 06:30
61007.29166666698,111.13974,9.79775,33.66566,133.3773,17.19627608652,16.5035732922824,2025-Nov-28 07:00
61007.3125,111.13883,9.79773,39.764075,133.3985,17.19639624971,16.5034399379217,2025-Nov-28 07:30
61007.33333333302,111.13791,9.79772,45.684623,133.4198,17.19651641246,16.5033070797533,2025-Nov-28 08:00
61008.25,111.09801,9.79711,22.055323,134.3435,17.20180314254,16.4977126330068,2025-Nov-29 06:00
61008.27083333302,111.09709,9.7971,28.312939,134.3648,17.20192328598,16.4975830952418,2025-Nov-29 06:30
61008.29166666698,111.09616,9.79709,34.507404,134.386,17.20204342897,16.4974539338826,2025-Nov-29 07:00
61008.3125,111.09523,9.79708,40.586232,134.4073,17.20216357153,16.4973252167092,2025-Nov-29 07:30
61008.33333333302,111.09431,9.79707,46.475271,134.4286,17.20228371364,16.4971970055167,2025-Nov-29 08:00
61009.25,111.05372,9.7967,22.914093,135.3516,17.20756953614,16.4918059194687,2025-Nov-30 06:00
61009.27083333302,111.05278,9.7967,29.165653,135.3728,17.20768965896,16.4916810798035,2025-Nov-30 06:30
61009.29166666698,111.05184,9.79669,35.347762,135.3941,17.20780978133,16.4915566278011,2025-Nov-30 07:00
61009.3125,111.0509,9.79669,41.405627,135.4154,17.20792990327,16.4914326304877,2025-Nov-30 07:30
61009.33333333302,111.04996,9.79669,47.261092,135.4366,17.20805002476,16.4913091487528,2025-Nov-30 08:00
61010.25,111.0087,9.79655,23.773092,136.3589,17.21333494018,16.4861249376516,2025-Dec-01 06:00
61010.27083333302,111.00775,9.79655,30.017824,136.3801,17.21345504239,16.4860048760367,2025-Dec-01 06:30
61010.29166666698,111.00679,9.79655,36.186559,136.4013,17.21357514415,16.4858852131933,2025-Dec-01 07:00
61010.3125,111.00584,9.79656,42.222011,136.4226,17.21369524547,16.485766015372,2025-Dec-01 07:30
61010.33333333302,111.00488,9.79656,48.041709,136.4438,17.21381534635,16.4856473425361,2025-Dec-01 08:00
61011.25,110.96297,9.79666,24.63221,137.3651,17.21909935523,16.4806733929975,2025-Dec-02 06:00
61011.27083333302,110.962,9.79667,30.869317,137.3863,17.21921943683,16.4805581866365,2025-Dec-02 06:30
61011.29166666698,110.96103,9.79667,37.023612,137.4075,17.21933951799,16.4804433900137,2025-Dec-02 07:00
61011.3125,110.96006,9.79668,43.03512,137.4288,17.21945959872,16.480329068582,2025-Dec-02 07:30
61011.33333333302,110.95909,9.79669,48.816719,137.45,17.219579679,16.480215281359,2025-Dec-02 08:00
61012.25,110.91654,9.79703,25.491338,138.3702,17.22486278185,16.4754548727036,2025-Dec-03 06:00
61012.27083333302,110.91556,9.79704,31.719992,138.3914,17.22498284286,16.4753445966698,2025-Dec-03 06:30
61012.29166666698,110.91457,9.79705,37.858732,138.4126,17.22510290344,16.4752347412115,2025-Dec-03 07:00
61012.3125,110.91359,9.79707,43.844679,138.4338,17.22522296357,16.4751253709628,2025-Dec-03 07:30
61012.33333333302,110.9126,9.79708,49.585698,138.455,17.22534302327,16.4750165439759,2025-Dec-03 08:00
61013.22916666698,110.87042,9.79764,20.081516,139.3529,17.23050517974,16.4705785164349,2025-Dec-04 05:30
61013.25,110.86943,9.79766,26.350362,139.374,17.23062522062,16.4704728827062,2025-Dec-04 06:00
61013.27083333302,110.86843,9.79767,32.569706,139.3951,17.23074526106,16.4703676108561,2025-Dec-04 06:30
61013.29166666698,110.86743,9.79769,38.691722,139.4163,17.23086530106,16.4702627703075,2025-Dec-04 07:00
61013.3125,110.86643,9.79771,44.650397,139.4375,17.23098534062,16.4701584248544,2025-Dec-04 07:30
61014.22916666698,110.82265,9.79852,20.944702,140.3552,17.2362666518,16.4658314626728,2025-Dec-05 05:30
61014.25,110.82164,9.79854,27.209167,140.3763,17.23638667211,16.4657308954688,2025-Dec-05 06:00
61014.27083333302,110.82063,9.79857,33.41831,140.3974,17.23650669199,16.4656307014797,2025-Dec-05 06:30
61014.29166666698,110.81962,9.79859,39.522375,140.4185,17.23662671143,16.4655309494244,2025-Dec-05 07:00
61014.3125,110.81861,9.79861,45.451966,140.4396,17.23674673043,16.4654317022358,2025-Dec-05 07:30
61015.22916666698,110.77423,9.79966,21.808273,141.3558,17.24202713716,16.4613278234333,2025-Dec-06 05:30
61015.25,110.77321,9.79969,28.067634,141.3768,17.24214713692,16.4612323971864,2025-Dec-06 06:00
61015.27083333302,110.77218,9.79972,34.26565,141.3979,17.24226713625,16.4611373554306,2025-Dec-06 06:30
61015.29166666698,110.77116,9.79975,40.350472,141.419,17.24238713513,16.4610427661582,2025-Dec-06 07:00
61015.3125,110.77013,9.79978,46.249058,141.4401,17.24250713358,16.46094869142,2025-Dec-06 07:30
61016.22916666698,110.72517,9.80106,22.672126,142.3544,17.24778663639,16.4570711303143,2025-Dec-07 05:30
61016.25,110.72413,9.8011,28.92564,142.3754,17.24790661561,16.4569809206021,2025-Dec-07 06:00
61016.27083333302,110.7231,9.80113,35.111563,142.3965,17.2480265944,16.4568911065978,2025-Dec-07 06:30
61016.29166666698,110.72206,9.80117,41.175783,142.4175,17.24814657274,16.4568017555442,2025-Dec-07 07:00
61016.3125,110.72101,9.8012,47.041327,142.4386,17.24826655065,16.4567129285895,2025-Dec-07 07:30
61017.22916666698,110.67549,9.80272,23.536156,143.3509,17.25354515006,16.4530649710338,2025-Dec-08 05:30
61017.25,110.67444,9.80276,29.783055,143.3719,17.25366510875,16.452980054526,2025-Dec-08 06:00
61017.27083333302,110.67339,9.8028,35.955876,143.3929,17.25378506701,16.452895544874,2025-Dec-08 06:30
61017.29166666698,110.67233,9.80284,41.998063,143.4139,17.25390502483,16.4528115085484,2025-Dec-08 07:00
61017.3125,110.67128,9.80288,47.828401,143.4349,17.25402498221,16.4527280057738,2025-Dec-08 07:30
61018.22916666698,110.62519,9.80465,24.400251,144.3449,17.25930267874,16.4493129765676,2025-Dec-09 05:30
61018.25,110.62413,9.80469,30.639744,144.3659,17.25942261692,16.449233430564,2025-Dec-09 06:00
61018.27083333302,110.62307,9.80474,36.798409,144.3868,17.25954255467,16.4491543024791,2025-Dec-09 06:30
61018.29166666698,110.622,9.80478,42.817051,144.4077,17.25966249197,16.4490756579886,2025-Dec-09 07:00
61018.3125,110.62094,9.80483,48.609881,144.4287,17.25978242883,16.4489975563733,2025-Dec-09 07:30
61019.22916666698,110.57431,9.80683,25.264298,145.3362,17.26505922301,16.4458187934472,2025-Dec-10 05:30
61019.25,110.57324,9.80688,31.495564,145.3571,17.26517914068,16.4457446952171,2025-Dec-10 06:00
61019.27083333302,110.57216,9.80693,37.638971,145.3779,17.26529905792,16.4456710258658,2025-Dec-10 06:30
61019.29166666698,110.57108,9.80698,43.63247,145.3988,17.26541897472,16.4455978502521,2025-Dec-10 07:00
61019.3125,110.57,9.80703,49.385345,145.4197,17.26553889108,16.4455252266923,2025-Dec-10 07:30
61020.22916666698,110.52285,9.80928,26.128181,146.3244,17.27081478341,16.4425860513875,2025-Dec-11 05:30
61020.25,110.52177,9.80933,32.350369,146.3451,17.2709346806,16.4425174775066,2025-Dec-11 06:00
61020.27083333302,110.52068,9.80939,38.47736,146.3659,17.27105457734,16.4424493433455,2025-Dec-11 06:30
61020.29166666698,110.51959,9.80944,44.444027,146.3868,17.27117447365,16.4423817129242,2025-Dec-11 07:00
61020.3125,110.5185,9.8095,50.154342,146.4076,17.27129436952,16.4423146435745,2025-Dec-11 07:30
61021.20833333302,110.47193,9.81192,20.725897,147.2883,17.27644948339,16.4396816895028,2025-Dec-12 05:00
61021.22916666698,110.47084,9.81198,26.991778,147.309,17.27656936053,16.4396183337752,2025-Dec-12 05:30
61021.25,110.46974,9.81204,33.204006,147.3297,17.27668923723,16.4395553595713,2025-Dec-12 06:00
61021.27083333302,110.46864,9.8121,39.313368,147.3504,17.2768091135,16.4394928357958,2025-Dec-12 06:30
61021.29166666698,110.46754,9.81217,45.251413,147.3711,17.27692898933,16.4394308256082,2025-Dec-12 07:00
61022.20833333302,110.41939,9.81488,21.593991,148.269,17.28220309825,16.4369768480643,2025-Dec-13 05:00
61022.22916666698,110.41828,9.81495,27.854967,148.2896,17.28232295492,16.4369191543881,2025-Dec-13 05:30
61022.25,110.41717,9.81502,34.056316,148.3103,17.28244281115,16.4368618535269,2025-Dec-13 06:00
61022.27083333302,110.41606,9.81508,40.146772,148.3309,17.28256266695,16.4368050136596,2025-Dec-13 06:30
61022.29166666698,110.41495,9.81515,46.0543,148.3515,17.28268252231,16.4367486970637,2025-Dec-13 07:00
61023.20833333302,110.36632,9.8181,22.462288,149.2453,17.28795573093,16.4345439002616,2025-Dec-14 05:00
61023.22916666698,110.36521,9.81818,28.71762,149.2658,17.28807556714,16.4344919404739,2025-Dec-14 05:30
61023.25,110.36409,9.81825,34.907133,149.2863,17.28819540292,16.4344403846637,2025-Dec-14 06:00
61023.27083333302,110.36296,9.81832,40.977341,149.3069,17.28831523826,16.4343893002614,2025-Dec-14 06:30
61023.29166666698,110.36184,9.81839,46.85234,149.3274,17.28843507316,16.4343387486415,2025-Dec-14 07:00
61024.20833333302,110.31276,9.82159,23.330679,150.2166,17.293707382,16.4323861768917,2025-Dec-15 05:00
61024.22916666698,110.31163,9.82167,29.579606,150.237,17.29382719776,16.4323400206647,2025-Dec-15 05:30
61024.25,110.3105,9.82174,35.756285,150.2574,17.2939470131,16.4322942794416,2025-Dec-15 06:00
61024.27083333302,110.30937,9.82182,41.804829,150.2778,17.29406682799,16.4322490198815,2025-Dec-15 06:30
61024.29166666698,110.30823,9.8219,47.645163,150.2982,17.29418664245,16.4322043024355,2025-Dec-15 07:00
61025.20833333302,110.25871,9.82533,24.199054,151.1822,17.29945805202,16.4305069011189,2025-Dec-16 05:00
61025.22916666698,110.25757,9.82542,30.440788,151.2025,17.29957784735,16.4304666157852,2025-Dec-16 05:30
61025.25,110.25643,9.8255,36.603591,151.2227,17.29969764225,16.4304267563388,2025-Dec-16 06:00
61025.27083333302,110.25529,9.82558,42.628979,151.243,17.29981743671,16.4303873886452,2025-Dec-16 06:30
61025.29166666698,110.25414,9.82566,48.432377,151.2633,17.29993723073,16.4303485722113,2025-Dec-16 07:00
61026.20833333302,110.20419,9.82934,25.067297,152.1414,17.30520774156,16.4289091804748,2025-Dec-17 05:00
61026.22916666698,110.20305,9.82942,31.301027,152.1616,17.30532751648,16.4288748308637,2025-Dec-17 05:30
61026.25,110.2019,9.82951,37.448862,152.1817,17.30544729095,16.4288409178734,2025-Dec-17 06:00
61026.27083333302,110.20074,9.8296,43.449516,152.2019,17.30556706499,16.4288075065536,2025-Dec-17 06:30
61026.29166666698,110.19959,9.82969,49.213565,152.222,17.30568683859,16.4287746554468,2025-Dec-17 07:00
61027.20833333302,110.14924,9.8336,25.935292,153.0935,17.3109564512,16.4275959988995,2025-Dec-18 05:00
61027.22916666698,110.14808,9.83369,32.160174,153.1135,17.3110762057,16.4275676471659,2025-Dec-18 05:30
61027.25,110.14692,9.83379,38.291899,153.1335,17.31119595976,16.4275397426293,2025-Dec-18 06:00
61027.27083333302,110.14576,9.83388,44.266153,153.1535,17.31131571339,16.4275123495018,2025-Dec-18 06:30
61027.29166666698,110.1446,9.83397,49.988284,153.1735,17.31143546658,16.427485525342,2025-Dec-18 07:00
61028.1875,110.09503,9.83802,20.53572,154.0177,17.31658444695,16.4265928913171,2025-Dec-19 04:30
61028.20833333302,110.09386,9.83812,26.802919,154.0375,17.31670418149,16.4265702082064,2025-Dec-19 05:00
61028.22916666698,110.0927,9.83822,33.018079,154.0573,17.31682391559,16.4265479136442,2025-Dec-19 05:30
61028.25,110.09153,9.83832,39.132494,154.0771,17.31694364926,16.4265260766909,2025-Dec-19 06:00
61028.27083333302,110.09036,9.83842,45.078583,154.0969,17.31706338249,16.426504760699,2025-Dec-19 06:30
61029.1875,110.03926,9.84279,21.407562,154.9528,17.32233121886,16.4258510995462,2025-Dec-20 04:30
61029.20833333302,110.03809,9.84289,27.670053,154.9724,17.32245093301,16.4258345188794,2025-Dec-20 05:00
61029.22916666698,110.03691,9.843,33.874582,154.992,17.32257064673,16.4258183377244,2025-Dec-20 05:30
61029.25,110.03573,9.8431,39.970428,155.0116,17.32269036001,16.425802624418,2025-Dec-20 06:00
61029.27083333302,110.03456,9.84321,45.886482,155.0312,17.32281007285,16.425787441432,2025-Dec-20 06:30
61030.1875,109.98311,9.84782,22.279517,155.8776,17.32807701256,16.4254019156245,2025-Dec-21 04:30
61030.20833333302,109.98193,9.84793,28.536567,155.8969,17.32819670634,16.4253914905368,2025-Dec-21 05:00
61030.22916666698,109.98075,9.84804,34.729519,155.9163,17.32831639968,16.4253814757675,2025-Dec-21 05:30
61030.25,109.97956,9.84815,40.80547,155.9357,17.32843609259,16.4253719389071,2025-Dec-21 06:00
61030.27083333302,109.97837,9.84826,46.689507,155.955,17.32855578506,16.4253629415255,2025-Dec-21 06:30
61031.1875,109.9266,9.8531,23.151472,156.7908,17.33382182864,16.4252477424598,2025-Dec-22 04:30
61031.20833333302,109.92541,9.85321,29.402326,156.8099,17.33394150205,16.4252435226498,2025-Dec-22 05:00
61031.22916666698,109.92422,9.85333,35.582715,156.829,17.33406117503,16.4252397238014,2025-Dec-22 05:30
61031.25,109.92303,9.85344,41.637376,156.8481,17.33418084758,16.4252364127355,2025-Dec-22 06:00
61031.27083333302,109.92184,9.85356,47.48729,156.8672,17.33430051969,16.4252336500996,2025-Dec-22 06:30
61032.1875,109.86976,9.85863,24.023314,157.6908,17.33956566767,16.4253908145967,2025-Dec-23 04:30
61032.20833333302,109.86856,9.85875,30.267193,157.7096,17.33968532073,16.4253928461647,2025-Dec-23 05:00
61032.22916666698,109.86737,9.85887,36.433989,157.7284,17.33980497336,16.4253953091671,2025-Dec-23 05:30
61032.25,109.86617,9.85899,42.465888,157.7472,17.33992462556,16.4253982696329,2025-Dec-23 06:00
61032.27083333302,109.86497,9.85911,48.279443,157.766,17.34004427731,16.4254017872666,2025-Dec-23 06:30
61033.1875,109.8126,9.86441,24.894926,158.5759,17.34530853023,16.4258331912336,2025-Dec-24 04:30
61033.20833333302,109.8114,9.86454,31.131025,158.5943,17.34542816296,16.4258415165531,2025-Dec-24 05:00
61033.22916666698,109.8102,9.86466,37.283151,158.6128,17.34554779525,16.4258502836036,2025-Dec-24 05:30
61033.25,109.80899,9.86479,43.290733,158.6313,17.34566742711,16.4258595576003,2025-Dec-24 06:00
61033.27083333302,109.80778,9.86492,49.06555,158.6497,17.34578705853,16.4258693972846,2025-Dec-24 06:30
61034.1875,109.75515,9.87045,25.766188,159.444,17.35105041693,16.4265767509988,2025-Dec-25 04:30
61034.20833333302,109.75395,9.87058,31.993674,159.462,17.35117002933,16.4265914086273,2025-Dec-25 05:00
61034.22916666698,109.75274,9.87071,38.130001,159.4801,17.3512896413,16.4266065181026,2025-Dec-25 05:30
61034.25,109.75152,9.87084,44.111624,159.4982,17.35140925283,16.4266221438041,2025-Dec-25 06:00
61034.27083333302,109.75031,9.87097,49.845171,159.5163,17.35152886392,16.4266383434902,2025-Dec-25 06:30
61035.16666666698,109.69865,9.87659,20.368529,160.2751,17.35667173583,16.427602556662,2025-Dec-26 04:00
61035.1875,109.69743,9.87672,26.636975,160.2928,17.35679132835,16.4276231887135,2025-Dec-26 04:30
61035.20833333302,109.69622,9.87686,32.854983,160.3104,17.35691092043,16.4276442133478,2025-Dec-26 05:00
61035.22916666698,109.69501,9.87699,38.97433,160.3281,17.35703051209,16.42766569976,2025-Dec-26 05:30
61035.25,109.69379,9.87713,44.928254,160.3457,17.3571501033,16.4276877114722,2025-Dec-26 06:00
61036.16666666698,109.64069,9.8831,21.243224,161.1024,17.36241169286,16.4289469950756,2025-Dec-27 04:00
61036.1875,109.63947,9.88324,27.507162,161.1196,17.36253126508,16.4289740145152,2025-Dec-27 04:30
61036.20833333302,109.63825,9.88338,33.714794,161.1367,17.36265083687,16.4290014370025,2025-Dec-27 05:00
61036.22916666698,109.63703,9.88353,39.815917,161.1539,17.36277040822,16.4290293310118,2025-Dec-27 05:30
61036.25,109.63581,9.88367,45.740301,161.171,17.36288997914,16.4290577591866,2025-Dec-27 06:00
61037.16666666698,109.5825,9.88986,22.117914,161.9046,17.3681506758,16.430597122117,2025-Dec-28 04:00
61037.1875,109.58128,9.89001,28.376618,161.9212,17.36827022773,16.4306305561995,2025-Dec-28 04:30
61037.20833333302,109.58006,9.89015,34.57294,161.9378,17.36838977923,16.4306644036301,2025-Dec-28 05:00
61037.22916666698,109.57883,9.8903,40.654533,161.9544,17.3685093303,16.4306987321396,2025-Dec-28 05:30
61037.25,109.57761,9.89044,46.547424,161.971,17.36862888092,16.4307336034717,2025-Dec-28 06:00
61038.16666666698,109.52412,9.89686,22.992487,162.6783,17.37388868526,16.4325540939688,2025-Dec-29 04:00
61038.1875,109.52289,9.89701,29.245211,162.6942,17.37400821691,16.4325939664059,2025-Dec-29 04:30
61038.20833333302,109.52166,9.89716,35.429247,162.7102,17.37412774813,16.4326342623298,2025-Dec-29 05:00
61038.22916666698,109.52043,9.89731,41.489935,162.7261,17.37424727892,16.4326750487049,2025-Dec-29 05:30
61038.25,109.5192,9.89746,47.34926,162.7421,17.37436680927,16.432716386355,2025-Dec-29 06:00
61039.16666666698,109.46555,9.90409,23.866831,163.4193,17.37962572183,16.4348189056167,2025-Dec-30 04:00
61039.1875,109.46432,9.90425,30.112802,163.4345,17.37974523322,16.4348652369654,2025-Dec-30 04:30
61039.20833333302,109.46309,9.9044,36.283539,163.4497,17.37986474418,16.4349120017842,2025-Dec-30 05:00
61039.22916666698,109.46186,9.90456,42.321871,163.4649,17.37998425471,16.4349592662495,2025-Dec-30 05:30
61039.25,109.46062,9.90471,48.145427,163.4801,17.38010376479,16.435007090245,2025-Dec-30 06:00
